id,type,category,subsection,enabled,sort_order,icon,request_kind,target_department,notify_departments,request_type,requires_note,requires_quantity,min_qty,max_qty,requires_time,time_mode,options_raw,requires_billing,price,currency,pdf_url,external_url,link_url,guest_visible,staff_visible,ai_visible,confirmation_mode,section_title_bg,section_title_de,section_title_en,section_title_ro,section_title_cs,title_bg,title_de,title_en,title_ro,title_cs,subtitle_bg,subtitle_de,subtitle_en,subtitle_ro,subtitle_cs,description_bg,description_de,description_en,description_ro,description_cs,policy_bg,policy_de,policy_en,policy_ro,policy_cs,success_bg,success_de,success_en,success_ro,success_cs,staff_label_bg,staff_label_de,staff_label_en,staff_label_ro,staff_label_cs,keywords,options_bg,options_de,options_en,options_ro,options_cs,option_image_urls,option_info_bg,option_info_en,option_info_de,option_info_ro,option_info_cs,section_title_ru,title_ru,subtitle_ru,description_ru,policy_ru,success_ru,staff_label_ru,options_ru,option_info_ru,aliases_bg,aliases_en,aliases_de,aliases_ro,aliases_cs,aliases_ru,intent_tags,ui_section_id,canonical_ref
towels,request,housekeeping,services,True,1,towel,quantity,housekeeping,,towels,False,True,1,6,False,none,,False,,,,,,True,True,True,instant,Камериерки,Housekeeping,Housekeeping,Curățenie,Úklid pokoje,Хавлии,Handtücher,Towels,Prosoape,Ručníky,,,,,,Заявете „Хавлии“ от екипа на камериерките.,„Handtücher“ beim Housekeeping anfragen.,Request “Towels” from housekeeping.,Solicitați „Prosoape” de la serviciul de curățenie.,Požádejte úklid o „Ručníky“.,,,,,,Заявката „Хавлии“ е изпратена.,Ihre Anfrage „Handtücher“ wurde gesendet.,Your “Towels” request has been sent.,Solicitarea „Prosoape” a fost trimisă.,Požadavek „Ručníky“ byl odeslán.,Хавлии,Handtücher,Towels,Prosoape,Ručníky,,,,,,,,,,,,,Уборка номера,Полотенца,,Закажите «Полотенца» в службе уборки номера.,,Запрос «Полотенца» отправлен.,Полотенца,,,Хавлии|хавлии|кърпи за стаята|чисти кърпи,Towels|towels|clean towels|room towels,Handtücher|handtücher|frische handtücher,Prosoape|prosoape|prosoape curate,Ručníky|ručníky|čisté ručníky,Полотенца|полотенца|чистые полотенца,request_item|linen|room_towels,housekeeping,
toilet_paper,request,housekeeping,services,True,2,toilet-paper,quantity,housekeeping,,toilet_paper,False,True,1,6,False,none,,False,,,,,,True,True,True,instant,Камериерки,Housekeeping,Housekeeping,Curățenie,Úklid pokoje,Тоалетна хартия,Toilettenpapier,Toilet paper,Hârtie igienică,Toaletní papír,,,,,,Заявете „Тоалетна хартия“ от екипа на камериерките.,„Toilettenpapier“ beim Housekeeping anfragen.,Request “Toilet paper” from housekeeping.,Solicitați „Hârtie igienică” de la serviciul de curățenie.,Požádejte úklid o „Toaletní papír“.,,,,,,Заявката „Тоалетна хартия“ е изпратена.,Ihre Anfrage „Toilettenpapier“ wurde gesendet.,Your “Toilet paper” request has been sent.,Solicitarea „Hârtie igienică” a fost trimisă.,Požadavek „Toaletní papír“ byl odeslán.,Тоалетна хартия,Toilettenpapier,Toilet paper,Hârtie igienică,Toaletní papír,,,,,,,,,,,,,Уборка номера,Туалетная бумага,,Закажите «Туалетная бумага» в службе уборки номера.,,Запрос «Туалетная бумага» отправлен.,Туалетная бумага,,,Тоалетна хартия,Toilet paper,Toilettenpapier,Hârtie igienică,Toaletní papír,Туалетная бумага,request_item|bathroom_supply,housekeeping,
extra_pillow,request,housekeeping,services,True,3,pillow,quantity,housekeeping,,extra_pillow,False,True,1,4,False,none,,False,,,,,,True,True,True,instant,Камериерки,Housekeeping,Housekeeping,Curățenie,Úklid pokoje,Допълнителна възглавница,Zusatzkissen,Extra pillow,Pernă suplimentară,Polštář navíc,,,,,,Заявете „Допълнителна възглавница“ от екипа на камериерките.,„Zusatzkissen“ beim Housekeeping anfragen.,Request “Extra pillow” from housekeeping.,Solicitați „Pernă suplimentară” de la serviciul de curățenie.,Požádejte úklid o „Polštář navíc“.,,,,,,Заявката „Допълнителна възглавница“ е изпратена.,Ihre Anfrage „Zusatzkissen“ wurde gesendet.,Your “Extra pillow” request has been sent.,Solicitarea „Pernă suplimentară” a fost trimisă.,Požadavek „Polštář navíc“ byl odeslán.,Допълнителна възглавница,Zusatzkissen,Extra pillow,Pernă suplimentară,Polštář navíc,,,,,,,,,,,,,Уборка номера,Дополнительная подушка,,Закажите «Дополнительная подушка» в службе уборки номера.,,Запрос «Дополнительная подушка» отправлен.,Дополнительная подушка,,,Допълнителна възглавница,Extra pillow,Zusatzkissen,Pernă suplimentară,Polštář navíc,Дополнительная подушка,request_item|sleep_comfort|pillow,housekeeping,
extra_blanket,request,housekeeping,services,True,4,blanket,quantity,housekeeping,,extra_blanket,False,True,1,3,False,none,,False,,,,,,True,True,True,instant,Камериерки,Housekeeping,Housekeeping,Curățenie,Úklid pokoje,Допълнителна завивка,Zusatzdecke,Extra blanket,Pătură suplimentară,Přikrývka navíc,,,,,,Заявете „Допълнителна завивка“ от екипа на камериерките.,„Zusatzdecke“ beim Housekeeping anfragen.,Request “Extra blanket” from housekeeping.,Solicitați „Pătură suplimentară” de la serviciul de curățenie.,Požádejte úklid o „Přikrývka navíc“.,,,,,,Заявката „Допълнителна завивка“ е изпратена.,Ihre Anfrage „Zusatzdecke“ wurde gesendet.,Your “Extra blanket” request has been sent.,Solicitarea „Pătură suplimentară” a fost trimisă.,Požadavek „Přikrývka navíc“ byl odeslán.,Допълнителна завивка,Zusatzdecke,Extra blanket,Pătură suplimentară,Přikrývka navíc,,,,,,,,,,,,,Уборка номера,Дополнительное одеяло,,Закажите «Дополнительное одеяло» в службе уборки номера.,,Запрос «Дополнительное одеяло» отправлен.,Дополнительное одеяло,,,Допълнителна завивка|завивка|одеяло|допълнително одеяло,Extra blanket|blanket|extra duvet,Zusatzdecke|decke|zusatzdecke,Pătură suplimentară|pătură|pilotă suplimentară,Přikrývka navíc|deka|přikrývka navíc,Дополнительное одеяло|одеяло|дополнительное одеяло,request_item|sleep_comfort|blanket,housekeeping,
bathrobe,request,housekeeping,services,True,5,bath,quantity,housekeeping,,bathrobe,False,True,1,4,False,none,,False,,,,,,True,True,True,instant,Камериерки,Housekeeping,Housekeeping,Curățenie,Úklid pokoje,Халат,Bademantel,Bathrobe,Halat de baie,Župan,,,,,,Заявете „Халат“ от екипа на камериерките.,„Bademantel“ beim Housekeeping anfragen.,Request “Bathrobe” from housekeeping.,Solicitați „Halat de baie” de la serviciul de curățenie.,Požádejte úklid o „Župan“.,,,,,,Заявката „Халат“ е изпратена.,Ihre Anfrage „Bademantel“ wurde gesendet.,Your “Bathrobe” request has been sent.,Solicitarea „Halat de baie” a fost trimisă.,Požadavek „Župan“ byl odeslán.,Халат,Bademantel,Bathrobe,Halat de baie,Župan,,,,,,,,,,,,,Уборка номера,Халат,,Закажите «Халат» в службе уборки номера.,,Запрос «Халат» отправлен.,Халат,,,Халат|халат|халати,Bathrobe|bathrobe|robe,Bademantel|bademantel,Halat de baie|halat|halat de baie,Župan|župan,Халат|халат|банный халат,request_item|room_comfort|bathrobe,housekeeping,
slippers,request,housekeeping,services,True,6,shoe,quantity,housekeeping,,slippers,False,True,1,4,False,none,,False,,,,,,True,True,True,instant,Камериерки,Housekeeping,Housekeeping,Curățenie,Úklid pokoje,Чехли,Hausschuhe,Slippers,Papuci,Pantofle,,,,,,Заявете „Чехли“ от екипа на камериерките.,„Hausschuhe“ beim Housekeeping anfragen.,Request “Slippers” from housekeeping.,Solicitați „Papuci” de la serviciul de curățenie.,Požádejte úklid o „Pantofle“.,,,,,,Заявката „Чехли“ е изпратена.,Ihre Anfrage „Hausschuhe“ wurde gesendet.,Your “Slippers” request has been sent.,Solicitarea „Papuci” a fost trimisă.,Požadavek „Pantofle“ byl odeslán.,Чехли,Hausschuhe,Slippers,Papuci,Pantofle,,,,,,,,,,,,,Уборка номера,Тапочки,,Закажите «Тапочки» в службе уборки номера.,,Запрос «Тапочки» отправлен.,Тапочки,,,Чехли,Slippers,Hausschuhe,Papuci,Pantofle,Тапочки,request_item|room_comfort|slippers,housekeeping,
baby_cot,request,housekeeping,services,True,7,baby,standard,housekeeping,,baby_cot,True,False,1,1,False,none,,False,,,,,,True,True,True,staff_required,Камериерки,Housekeeping,Housekeeping,Curățenie,Úklid pokoje,Бебешко легло,Babybett,Baby cot,Pătuț pentru bebeluși,Dětská postýlka,,,,,,Заявете „Бебешко легло“ от екипа на камериерките.,„Babybett“ beim Housekeeping anfragen.,Request “Baby cot” from housekeeping.,Solicitați „Pătuț pentru bebeluși” de la serviciul de curățenie.,Požádejte úklid o „Dětská postýlka“.,,,,,,Заявката „Бебешко легло“ е изпратена.,Ihre Anfrage „Babybett“ wurde gesendet.,Your “Baby cot” request has been sent.,Solicitarea „Pătuț pentru bebeluși” a fost trimisă.,Požadavek „Dětská postýlka“ byl odeslán.,Бебешко легло,Babybett,Baby cot,Pătuț pentru bebeluși,Dětská postýlka,,,,,,,,,,,,,Уборка номера,Детская кроватка,,Закажите «Детская кроватка» в службе уборки номера.,,Запрос «Детская кроватка» отправлен.,Детская кроватка,,,Бебешко легло|бебешко легло|кошара за бебе|детско креватче,Baby cot|baby cot|crib|baby bed,Babybett|babybett|kinderbett,Pătuț pentru bebeluși|pătuț|pat pentru bebeluș,Dětská postýlka|dětská postýlka|postýlka,Детская кроватка|детская кроватка|кроватка для ребёнка|детская кровать,request_item|baby|family|baby_cot,housekeeping,
iron,request,housekeeping,services,True,8,iron,standard,housekeeping,,iron,False,False,1,1,False,none,,False,,,,,,True,True,True,instant,Камериерки,Housekeeping,Housekeeping,Curățenie,Úklid pokoje,Ютия и дъска,Bügeleisen und Bügelbrett,Iron and ironing board,Fier și masă de călcat,Žehlička a žehlicí prkno,,,,,,Заявете „Ютия и дъска“ от екипа на камериерките.,„Bügeleisen und Bügelbrett“ beim Housekeeping anfragen.,Request “Iron and ironing board” from housekeeping.,Solicitați „Fier și masă de călcat” de la serviciul de curățenie.,Požádejte úklid o „Žehlička a žehlicí prkno“.,,,,,,Заявката „Ютия и дъска“ е изпратена.,Ihre Anfrage „Bügeleisen und Bügelbrett“ wurde gesendet.,Your “Iron and ironing board” request has been sent.,Solicitarea „Fier și masă de călcat” a fost trimisă.,Požadavek „Žehlička a žehlicí prkno“ byl odeslán.,Ютия и дъска,Bügeleisen und Bügelbrett,Iron and ironing board,Fier și masă de călcat,Žehlička a žehlicí prkno,,,,,,,,,,,,,Уборка номера,Утюг и гладильная доска,,Закажите «Утюг и гладильная доска» в службе уборки номера.,,Запрос «Утюг и гладильная доска» отправлен.,Утюг и гладильная доска,,,Ютия и дъска|ютия|дъска за гладене|ютия и дъска,Iron and ironing board|iron|ironing board,Bügeleisen und Bügelbrett|bügeleisen|bügelbrett,Fier și masă de călcat|fier de călcat|masă de călcat,Žehlička a žehlicí prkno|žehlička|žehlicí prkno,Утюг и гладильная доска|утюг|гладильная доска,request_item|ironing|iron_board,housekeeping,
laundry,request,housekeeping,services,True,9,laundry,standard,housekeeping,,laundry,True,False,1,1,False,none,,False,,,,,,True,True,True,staff_required,Камериерки,Housekeeping,Housekeeping,Curățenie,Úklid pokoje,Пране,Wäscheservice,Laundry service,Serviciu de spălătorie,Prádelna,,,,,,Заявете „Пране“ от екипа на камериерките.,„Wäscheservice“ beim Housekeeping anfragen.,Request “Laundry service” from housekeeping.,Solicitați „Serviciu de spălătorie” de la serviciul de curățenie.,Požádejte úklid o „Prádelna“.,,,,,,Заявката „Пране“ е изпратена.,Ihre Anfrage „Wäscheservice“ wurde gesendet.,Your “Laundry service” request has been sent.,Solicitarea „Serviciu de spălătorie” a fost trimisă.,Požadavek „Prádelna“ byl odeslán.,Пране,Wäscheservice,Laundry service,Serviciu de spălătorie,Prádelna,,,,,,,,,,,,,Уборка номера,Прачечная,,Закажите «Прачечная» в службе уборки номера.,,Запрос «Прачечная» отправлен.,Прачечная,,,Пране|пране|пералня|изпиране на дрехи,Laundry service|laundry|washing clothes,Wäscheservice|wäsche|wäscheservice,Serviciu de spălătorie|spălătorie|spălat haine,Prádelna|prádelna|praní prádla,Прачечная|прачечная|стирка одежды,request_service|laundry,housekeeping,
room_cleaning_request,request,housekeeping,services,False,10,cleaning,standard,housekeeping,,room_cleaning_request,False,False,1,1,False,none,,False,,,,,,True,True,False,instant,Камериерки,Housekeeping,Housekeeping,Curățenie,Úklid pokoje,Почистване на стаята,Zimmerreinigung,Room cleaning,Curățarea camerei,Úklid pokoje,,,,,,Заявете „Почистване на стаята“ от екипа на камериерките.,„Zimmerreinigung“ beim Housekeeping anfragen.,Request “Room cleaning” from housekeeping.,Solicitați „Curățarea camerei” de la serviciul de curățenie.,Požádejte úklid o „Úklid pokoje“.,,,,,,Заявката „Почистване на стаята“ е изпратена.,Ihre Anfrage „Zimmerreinigung“ wurde gesendet.,Your “Room cleaning” request has been sent.,Solicitarea „Curățarea camerei” a fost trimisă.,Požadavek „Úklid pokoje“ byl odeslán.,Почистване на стаята,Zimmerreinigung,Room cleaning,Curățarea camerei,Úklid pokoje,,,,,,,,,,,,,Уборка номера,Уборка номера,,Закажите «Уборка номера» в службе уборки номера.,,Запрос «Уборка номера» отправлен.,Уборка номера,,,Почистване на стаята,Room cleaning,Zimmerreinigung,Curățarea camerei,Úklid pokoje,Уборка номера,request_service|room_cleaning,housekeeping,
extra_cleaning,request,housekeeping,services,False,11,sparkles,standard,housekeeping,,extra_cleaning,True,False,1,1,False,none,,False,,,,,,True,True,False,staff_required,Камериерки,Housekeeping,Housekeeping,Curățenie,Úklid pokoje,Допълнително почистване,Zusätzliche Reinigung,Extra cleaning,Curățenie suplimentară,Dodatečný úklid,,,,,,Заявете „Допълнително почистване“ от екипа на камериерките.,„Zusätzliche Reinigung“ beim Housekeeping anfragen.,Request “Extra cleaning” from housekeeping.,Solicitați „Curățenie suplimentară” de la serviciul de curățenie.,Požádejte úklid o „Dodatečný úklid“.,,,,,,Заявката „Допълнително почистване“ е изпратена.,Ihre Anfrage „Zusätzliche Reinigung“ wurde gesendet.,Your “Extra cleaning” request has been sent.,Solicitarea „Curățenie suplimentară” a fost trimisă.,Požadavek „Dodatečný úklid“ byl odeslán.,Допълнително почистване,Zusätzliche Reinigung,Extra cleaning,Curățenie suplimentară,Dodatečný úklid,,,,,,,,,,,,,Уборка номера,Дополнительная уборка,,Закажите «Дополнительная уборка» в службе уборки номера.,,Запрос «Дополнительная уборка» отправлен.,Дополнительная уборка,,,Допълнително почистване,Extra cleaning,Zusätzliche Reinigung,Curățenie suplimentară,Dodatečný úklid,Дополнительная уборка,request_service|extra_cleaning,housekeeping,
minibar_refill,request,housekeeping,services,True,12,minibar,standard,housekeeping,,minibar_refill,False,False,1,1,False,none,,False,,,,,,True,True,True,staff_required,Камериерки,Housekeeping,Housekeeping,Curățenie,Úklid pokoje,Зареждане на минибар,Minibar auffüllen,Minibar refill,Reumplere minibar,Doplnění minibaru,,,,,,Заявете „Зареждане на минибар“ от екипа на камериерките.,„Minibar auffüllen“ beim Housekeeping anfragen.,Request “Minibar refill” from housekeeping.,Solicitați „Reumplere minibar” de la serviciul de curățenie.,Požádejte úklid o „Doplnění minibaru“.,,,,,,Заявката „Зареждане на минибар“ е изпратена.,Ihre Anfrage „Minibar auffüllen“ wurde gesendet.,Your “Minibar refill” request has been sent.,Solicitarea „Reumplere minibar” a fost trimisă.,Požadavek „Doplnění minibaru“ byl odeslán.,Зареждане на минибар,Minibar auffüllen,Minibar refill,Reumplere minibar,Doplnění minibaru,,,,,,,,,,,,,Уборка номера,Пополнение мини-бара,,Закажите «Пополнение мини-бара» в службе уборки номера.,,Запрос «Пополнение мини-бара» отправлен.,Пополнение мини-бара,,,Зареждане на минибар|зареждане на минибар|допълване на минибар,Minibar refill|minibar refill|refill the minibar,Minibar auffüllen|minibar auffüllen,Reumplere minibar|reumplere minibar,Doplnění minibaru|doplnit minibar,Пополнение мини-бара|пополнить мини-бар|наполнение мини-бара,request_service|minibar_refill,housekeeping,
other_housekeeping,request,housekeeping,services,True,13,clipboard,standard,housekeeping,,other_housekeeping,True,False,1,1,False,none,,False,,,,,,True,True,True,staff_required,Камериерки,Housekeeping,Housekeeping,Curățenie,Úklid pokoje,Друга заявка към камериерки,Andere Housekeeping-Anfrage,Other housekeeping request,Altă solicitare pentru curățenie,Jiný požadavek na úklid,,,,,,Заявете „Друга заявка към камериерки“ от екипа на камериерките.,„Andere Housekeeping-Anfrage“ beim Housekeeping anfragen.,Request “Other housekeeping request” from housekeeping.,Solicitați „Altă solicitare pentru curățenie” de la serviciul de curățenie.,Požádejte úklid o „Jiný požadavek na úklid“.,,,,,,Заявката „Друга заявка към камериерки“ е изпратена.,Ihre Anfrage „Andere Housekeeping-Anfrage“ wurde gesendet.,Your “Other housekeeping request” request has been sent.,Solicitarea „Altă solicitare pentru curățenie” a fost trimisă.,Požadavek „Jiný požadavek na úklid“ byl odeslán.,Друга заявка към камериерки,Andere Housekeeping-Anfrage,Other housekeeping request,Altă solicitare pentru curățenie,Jiný požadavek na úklid,,,,,,,,,,,,,Уборка номера,Другой запрос в службу уборки,,Закажите «Другой запрос в службу уборки» в службе уборки номера.,,Запрос «Другой запрос в службу уборки» отправлен.,Другой запрос в службу уборки,,,Друга заявка към камериерки,Other housekeeping request,Andere Housekeeping-Anfrage,Altă solicitare pentru curățenie,Jiný požadavek na úklid,Другой запрос в службу уборки,request_service|housekeeping_other,housekeeping,
coffee_capsules,request,housekeeping,room_comfort,True,70,☕,quantity,housekeeping,reception,coffee_capsules,False,True,1,20,False,,,True,"2,05",€,,,,True,True,True,instant,,,,,,Кафе капсули,Kaffeekapseln,Coffee capsules,Capsule de cafea,Kávové kapsle,"2,05 € / бр.","2,05 € pro Stück",€2.05 each,"2,05 € / buc.","2,05 € / ks",Кафе капсулите са платена услуга и ще бъдат начислени към сметката на стаята.,Kaffeekapseln sind kostenpflichtig und werden auf Ihr Zimmerkonto gebucht.,Coffee capsules are a paid service and will be charged to your room account.,Capsulele de cafea sunt un serviciu contra cost și vor fi adăugate la contul camerei.,Kávové kapsle jsou placená služba a budou účtovány na pokoj.,"Платена услуга: 2,05 € / бр.","Kostenpflichtige Leistung: 2,05 € pro Stück.",Paid service: €2.05 each.,"Serviciu contra cost: 2,05 € / buc.","Placená služba: 2,05 € / ks.",Заявката за кафе капсули е изпратена.,Ihre Anfrage für Kaffeekapseln wurde gesendet.,Your coffee capsule request has been sent.,Solicitarea pentru capsule de cafea a fost trimisă.,Požadavek na kávové kapsle byl odeslán.,Кафе капсули,Kaffeekapseln,Coffee capsules,Capsule de cafea,Kávové kapsle,coffee_capsules|кафе|кафе капсули|капсули|машина за кафе|еспресо|платена услуга|coffee|coffee capsules|capsules|coffee machine|espresso|paid service|kaffee|kaffeekapseln|kapseln|kaffeemaschine|espresso|kostenpflichtige leistung|cafea|capsule de cafea|capsule|aparat de cafea|espresso|serviciu contra cost|káva|kávové kapsle|kapsle|kávovar|espresso|placená služba|кофе|кофейные капсулы|капсулы|кофемашина|эспрессо,,,,,,,,,,,,,Кофейные капсулы,"2,05 € / шт.",Кофейные капсулы являются платной услугой и будут начислены на счет номера.,"Платная услуга: 2,05 € / шт.",Запрос на кофейные капсулы отправлен.,Кофейные капсулы,,,Кафе капсули|кафе капсули|капсули за кафе|поръчка на капсули,Coffee capsules|coffee capsules|coffee pods|order capsules,Kaffeekapseln|kaffeekapseln|kaffeepads,Capsule de cafea|capsule de cafea,Kávové kapsle|kávové kapsle,Кофейные капсулы|кофейные капсулы|капсулы для кофе,coffee_capsules|paid_item|coffee_order,housekeeping,
pillow_menu,request,housekeeping,room_comfort,True,80,🛏️,selection,housekeeping,reception,pillow_menu,False,False,,,False,,"Magniflex VIRTUOSO — 11,00 €|Magniflex ABBRACCIO — 11,00 €|isleep MEMOGEL — 11,00 €",True,"11,00",€,,,,True,True,True,instant,,,,,,Меню възглавници,Kissenmenü,Pillow menu,Meniu perne,Nabídka polštářů,"Избор на възглавница — 11,00 €","Kissenauswahl — 11,00 €",Pillow selection — €11.00,"Alegere pernă — 11,00 €","Výběr polštáře — 11,00 €",Изберете възглавница за максимален комфорт. Услугата е платена и се начислява към сметката на стаята.,Wählen Sie ein Kissen für maximalen Komfort. Dies ist eine kostenpflichtige Leistung und wird auf Ihr Zimmerkonto gebucht.,Choose a pillow for maximum comfort. This is a paid service and will be charged to your room account.,Alegeți o pernă pentru confort maxim. Serviciul este contra cost și va fi adăugat la contul camerei.,Vyberte si polštář pro maximální pohodlí. Jedná se o placenou službu a bude účtována na pokoj.,"Платена услуга: 11,00 €.","Kostenpflichtige Leistung: 11,00 €.",Paid service: €11.00.,"Serviciu contra cost: 11,00 €.","Placená služba: 11,00 €.",Заявката за възглавница е изпратена.,Ihre Anfrage für ein Kissen wurde gesendet.,Your pillow request has been sent.,Solicitarea pentru pernă a fost trimisă.,Požadavek na polštář byl odeslán.,Меню възглавници,Kissenmenü,Pillow menu,Meniu perne,Nabídka polštářů,pillow_menu|възглавница|възглавници|меню възглавници|магнифлекс|виртуозо|абрачо|мемогел|платена услуга|pillow|pillows|pillow menu|magniflex|virtuoso|abbraccio|memogel|paid service|kissen|kissenmenü|magniflex|virtuoso|abbraccio|memogel|kostenpflichtige leistung|pernă|perne|meniu perne|magniflex|virtuoso|abbraccio|memogel|serviciu contra cost|polštář|polštáře|nabídka |polštářů|magniflex|virtuoso|abbraccio|memogel|placená služba|подушка|подушки|меню подушек|ортопедическая подушка,"Magniflex VIRTUOSO — 11,00 €|Magniflex ABBRACCIO — 11,00 €|isleep MEMOGEL — 11,00 €","Magniflex VIRTUOSO — 11,00 €|Magniflex ABBRACCIO — 11,00 €|isleep MEMOGEL — 11,00 €",Magniflex VIRTUOSO — €11.00|Magniflex ABBRACCIO — €11.00|isleep MEMOGEL — €11.00,"Magniflex VIRTUOSO — 11,00 €|Magniflex ABBRACCIO — 11,00 €|isleep MEMOGEL — 11,00 €","Magniflex VIRTUOSO — 11,00 €|Magniflex ABBRACCIO — 11,00 €|isleep MEMOGEL — 11,00 €",/hotel-assets/aquamarine/pillows/virtuoso.png|/hotel-assets/aquamarine/pillows/abbraccio.png|/hotel-assets/aquamarine/pillows/memogel.jpg,"Мека възглавница с класическа форма и ядро от Mallow Foam – иновативна мемори пяна с екстракт от малва. Подходяща за гости, които предпочитат по-мека и нежна опора по време на сън.|Висока възглавница от 100% Memory Foam HD със стабилна опора и правилна позиция на тялото. Подходяща за всички позиции на сън и за гости, търсещи ортопедичен комфорт.|Двуслойна възглавница от Memory Foam и Gel Foam с охлаждащ ефект и оптимална поддръжка на глава и врат. Подходяща за гости, които предпочитат свеж и модерен комфорт.","Soft pillow with a classic shape and a Mallow Foam core – innovative memory foam with mallow extract. Suitable for guests who prefer softer and gentler support during sleep.|High pillow made of 100% Memory Foam HD, providing stable support and proper body position during sleep. Suitable for all sleeping positions and for guests looking for orthopedic comfort.|Dual-layer pillow made of Memory Foam and Gel Foam, combining a cooling effect with optimal support for the head and neck. Suitable for guests who prefer fresh, modern comfort.","Weiches Kissen in klassischer Form mit Mallow-Foam-Kern – innovativer Memory-Schaum mit Malvenextrakt. Geeignet für Gäste, die eine weichere und sanfte Unterstützung während des Schlafs bevorzugen.|Hohes Kissen aus 100% Memory Foam HD, das stabile Unterstützung und eine korrekte Körperposition während des Schlafs bietet. Geeignet für alle Schlafpositionen und für Gäste, die orthopädischen Komfort suchen.|Zweischichtiges Kissen aus Memory Foam und Gel Foam mit kühlendem Effekt und optimaler Unterstützung für Kopf und Nacken. Geeignet für Gäste, die frischen und modernen Komfort bevorzugen.","Pernă moale cu formă clasică și nucleu din Mallow Foam – spumă cu memorie inovatoare cu extract de nalbă. Potrivită pentru oaspeții care preferă un suport mai moale și delicat în timpul somnului.|Pernă înaltă din 100% Memory Foam HD, care oferă suport stabil și o poziție corectă a corpului în timpul somnului. Potrivită pentru toate pozițiile de dormit și pentru oaspeții care caută confort ortopedic.|Pernă cu nucleu în două straturi din Memory Foam și Gel Foam, care combină efectul de răcire cu suportul optim pentru cap și gât. Potrivită pentru oaspeții care preferă un confort proaspăt și modern.","Měkký polštář klasického tvaru s jádrem z Mallow Foam – inovativní paměťové pěny s výtažkem ze slézu. Vhodný pro hosty, kteří během spánku preferují měkčí a jemnější oporu.|Vysoký polštář ze 100% Memory Foam HD, který poskytuje stabilní oporu a správnou polohu těla během spánku. Vhodný pro všechny polohy spánku a pro hosty, kteří hledají ortopedický komfort.|Dvouvrstvý polštář z Memory Foam a Gel Foam, který kombinuje chladivý efekt s optimální podporou hlavy a krku. Vhodný pro hosty, kteří preferují svěží a moderní komfort.",,Меню подушек,"Выбор подушки — 11,00 €",Выберите подушку для максимального комфорта. Услуга платная и начисляется на счет номера.,"Платная услуга: 11,00 €.",Запрос на подушку отправлен.,Меню подушек,"Magniflex VIRTUOSO — 11,00 €|Magniflex ABBRACCIO — 11,00 €|isleep MEMOGEL — 11,00 €","Мягкая подушка классической формы с сердцевиной из Mallow Foam — инновационной пены с эффектом памяти и экстрактом мальвы. Подходит гостям, предпочитающим более мягкую и деликатную поддержку во время сна.|Высокая подушка из 100% Memory Foam HD, обеспечивающая стабильную поддержку и правильное положение тела. Подходит для сна в любом положении и для гостей, которым важен ортопедический комфорт.|Двухслойная подушка из Memory Foam и Gel Foam с охлаждающим эффектом и оптимальной поддержкой головы и шеи. Подходит гостям, предпочитающим прохладу и современный комфорт.",Меню възглавници,Pillow menu,Kissenmenü,Meniu perne,Nabídka polštářů,Меню подушек,pillow_menu|pillow_choice|sleep_comfort,housekeeping,
wake_up_call,request,reception,services,True,15,alarm-clock,time_slot,reception,,wake_up_call,False,False,1,1,True,slots,05:00|05:30|06:00|06:30|07:00|07:30|08:00,False,,,,,,True,True,True,instant,Рецепция,Rezeption,Reception,Recepție,Recepce,Събуждане,Weckruf,Wake-up call,Apel de trezire,Buzení,,,,,,Изпратете заявка за „Събуждане“ до рецепция.,Eine Anfrage für „Weckruf“ an die Rezeption senden.,Send a request for “Wake-up call” to reception.,Trimiteți o solicitare pentru „Apel de trezire” la recepție.,Odešlete požadavek „Buzení“ na recepci.,,,,,,Заявката „Събуждане“ е изпратена.,Ihre Anfrage „Weckruf“ wurde gesendet.,Your “Wake-up call” request has been sent.,Solicitarea „Apel de trezire” a fost trimisă.,Požadavek „Buzení“ byl odeslán.,Събуждане,Weckruf,Wake-up call,Apel de trezire,Buzení,,,,,,,,,,,,,Рецепция,Звонок-будильник,,Отправьте запрос «Звонок-будильник» на рецепцию.,,Запрос «Звонок-будильник» отправлен.,Звонок-будильник,,,Събуждане|събуждане|обаждане за събуждане,Wake-up call|wake up call|alarm call,Weckruf|weckruf,Apel de trezire|apel de trezire,Buzení|buzení|budíček,Звонок-будильник|звонок-будильник|разбудите меня,request_service|wake_up_call,reception,
taxi,request,reception,services,True,16,taxi,standard,reception,,taxi,True,False,1,1,True,free,,False,,,,,,True,True,True,staff_required,Рецепция,Rezeption,Reception,Recepție,Recepce,Такси,Taxi,Taxi,Taxi,Taxi,,,,,,Изпратете заявка за „Такси“ до рецепция.,Eine Anfrage für „Taxi“ an die Rezeption senden.,Send a request for “Taxi” to reception.,Trimiteți o solicitare pentru „Taxi” la recepție.,Odešlete požadavek „Taxi“ na recepci.,,,,,,Заявката „Такси“ е изпратена.,Ihre Anfrage „Taxi“ wurde gesendet.,Your “Taxi” request has been sent.,Solicitarea „Taxi” a fost trimisă.,Požadavek „Taxi“ byl odeslán.,Такси,Taxi,Taxi,Taxi,Taxi,,,,,,,,,,,,,Рецепция,Такси,,Отправьте запрос «Такси» на рецепцию.,,Запрос «Такси» отправлен.,Такси,,,Такси|такси|поръчка на такси|трансфер,Taxi|taxi|book a taxi|transport,Taxi|taxi bestellen|taxi,Taxi|taxi|comandă taxi,Taxi|taxi|objednat taxi,Такси|такси|заказать такси,request_service|taxi|transport,reception,
information_request,request,reception,services,True,17,info,standard,reception,,information_request,True,False,1,1,False,none,,False,,,,,,True,True,True,instant,Рецепция,Rezeption,Reception,Recepție,Recepce,Информация от рецепция,Information von der Rezeption,Information from reception,Informații de la recepție,Informace z recepce,,,,,,Изпратете заявка за „Информация от рецепция“ до рецепция.,Eine Anfrage für „Information von der Rezeption“ an die Rezeption senden.,Send a request for “Information from reception” to reception.,Trimiteți o solicitare pentru „Informații de la recepție” la recepție.,Odešlete požadavek „Informace z recepce“ na recepci.,,,,,,Заявката „Информация от рецепция“ е изпратена.,Ihre Anfrage „Information von der Rezeption“ wurde gesendet.,Your “Information from reception” request has been sent.,Solicitarea „Informații de la recepție” a fost trimisă.,Požadavek „Informace z recepce“ byl odeslán.,Информация от рецепция,Information von der Rezeption,Information from reception,Informații de la recepție,Informace z recepce,,,,,,,,,,,,,Рецепция,Информация на рецепции,,Отправьте запрос «Информация на рецепции» на рецепцию.,,Запрос «Информация на рецепции» отправлен.,Информация на рецепции,,,Информация от рецепция,Information from reception,Information von der Rezeption,Informații de la recepție,Informace z recepce,Информация на рецепции,request_service|reception_information,reception,
reservation_help,request,reception,services,True,18,reservation,standard,reception,,reservation_help,True,False,1,1,False,none,,False,,,,,,True,True,True,staff_required,Рецепция,Rezeption,Reception,Recepție,Recepce,Помощ с резервация,Hilfe bei einer Reservierung,Reservation assistance,Ajutor pentru rezervare,Pomoc s rezervací,,,,,,Изпратете заявка за „Помощ с резервация“ до рецепция.,Eine Anfrage für „Hilfe bei einer Reservierung“ an die Rezeption senden.,Send a request for “Reservation assistance” to reception.,Trimiteți o solicitare pentru „Ajutor pentru rezervare” la recepție.,Odešlete požadavek „Pomoc s rezervací“ na recepci.,,,,,,Заявката „Помощ с резервация“ е изпратена.,Ihre Anfrage „Hilfe bei einer Reservierung“ wurde gesendet.,Your “Reservation assistance” request has been sent.,Solicitarea „Ajutor pentru rezervare” a fost trimisă.,Požadavek „Pomoc s rezervací“ byl odeslán.,Помощ с резервация,Hilfe bei einer Reservierung,Reservation assistance,Ajutor pentru rezervare,Pomoc s rezervací,,,,,,,,,,,,,Рецепция,Помощь с бронированием,,Отправьте запрос «Помощь с бронированием» на рецепцию.,,Запрос «Помощь с бронированием» отправлен.,Помощь с бронированием,,,Помощ с резервация,Reservation assistance,Hilfe bei einer Reservierung,Ajutor pentru rezervare,Pomoc s rezervací,Помощь с бронированием,request_service|reservation_help,reception,
luggage_help,request,reception,services,True,19,luggage,standard,reception,,luggage_help,True,False,1,1,False,none,,False,,,,,,True,True,True,staff_required,Рецепция,Rezeption,Reception,Recepție,Recepce,Помощ с багаж,Gepäckhilfe,Luggage assistance,Ajutor cu bagajele,Pomoc se zavazadly,,,,,,Изпратете заявка за „Помощ с багаж“ до рецепция.,Eine Anfrage für „Gepäckhilfe“ an die Rezeption senden.,Send a request for “Luggage assistance” to reception.,Trimiteți o solicitare pentru „Ajutor cu bagajele” la recepție.,Odešlete požadavek „Pomoc se zavazadly“ na recepci.,,,,,,Заявката „Помощ с багаж“ е изпратена.,Ihre Anfrage „Gepäckhilfe“ wurde gesendet.,Your “Luggage assistance” request has been sent.,Solicitarea „Ajutor cu bagajele” a fost trimisă.,Požadavek „Pomoc se zavazadly“ byl odeslán.,Помощ с багаж,Gepäckhilfe,Luggage assistance,Ajutor cu bagajele,Pomoc se zavazadly,,,,,,,,,,,,,Рецепция,Помощь с багажом,,Отправьте запрос «Помощь с багажом» на рецепцию.,,Запрос «Помощь с багажом» отправлен.,Помощь с багажом,,,Помощ с багаж,Luggage assistance,Gepäckhilfe,Ajutor cu bagajele,Pomoc se zavazadly,Помощь с багажом,request_service|luggage,reception,
other_reception,request,reception,services,True,20,clipboard,standard,reception,,other_reception,True,False,1,1,False,none,,False,,,,,,True,True,True,staff_required,Рецепция,Rezeption,Reception,Recepție,Recepce,Друга заявка към рецепция,Andere Anfrage an die Rezeption,Other reception request,Altă solicitare la recepție,Jiný požadavek na recepci,,,,,,Изпратете заявка за „Друга заявка към рецепция“ до рецепция.,Eine Anfrage für „Andere Anfrage an die Rezeption“ an die Rezeption senden.,Send a request for “Other reception request” to reception.,Trimiteți o solicitare pentru „Altă solicitare la recepție” la recepție.,Odešlete požadavek „Jiný požadavek na recepci“ na recepci.,,,,,,Заявката „Друга заявка към рецепция“ е изпратена.,Ihre Anfrage „Andere Anfrage an die Rezeption“ wurde gesendet.,Your “Other reception request” request has been sent.,Solicitarea „Altă solicitare la recepție” a fost trimisă.,Požadavek „Jiný požadavek na recepci“ byl odeslán.,Друга заявка към рецепция,Andere Anfrage an die Rezeption,Other reception request,Altă solicitare la recepție,Jiný požadavek na recepci,,,,,,,,,,,,,Рецепция,Другой запрос на рецепцию,,Отправьте запрос «Другой запрос на рецепцию» на рецепцию.,,Запрос «Другой запрос на рецепцию» отправлен.,Другой запрос на рецепцию,,,Друга заявка към рецепция,Other reception request,Andere Anfrage an die Rezeption,Altă solicitare la recepție,Jiný požadavek na recepci,Другой запрос на рецепцию,request_service|reception_other,reception,
special_occasion,request,reception,special,True,60,🎉,standard,reception,,other_reception,True,False,,,False,none,,False,,,,,,True,True,True,staff_required,,,,,,Специален повод,Besonderer Anlass,Special occasion,Ocazie specială,Speciální příležitost,Опишете повода,Beschreiben Sie den Anlass,Describe the occasion,Descrieți ocazia,Popište příležitost,"Рожден ден, годишнина, изненада или друг повод.","Geburtstag, Jubiläum, Überraschung oder anderer Anlass.","Birthday, anniversary, surprise or another occasion.","Zi de naștere, aniversare, surpriză sau altă ocazie.","Narozeniny, výročí, překvapení nebo jiná příležitost.",,,,,,,,,,,Специален повод,Besonderer Anlass,Special occasion,Ocazie specială,Speciální příležitost,birthday|anniversary|occasion|специален повод|рожден ден|годишнина|изненада|празник|романтична изненада|повод|birthday|anniversary|special occasion|surprise|celebration|romantic surprise|occasion|geburtstag|jahrestag|besonderer anlass|überraschung|feier|romantische überraschung|aniversare|zi de naștere|ocazie specială|surpriză|sărbătoare|surpriză romantică|narozeniny|výročí|speciální příležitost|překvapení|oslava|romantické překvapení,,,,,,,,,,,,,Особый случай,Опишите повод,"День рождения, годовщина, сюрприз или другой повод.",,,Особый случай,,,Специален повод,Special occasion,Besonderer Anlass,Ocazie specială,Speciální příležitost,Особый случай,special_occasion|birthday|anniversary|surprise,reception,
late_checkout,request,reception,reception,True,62,⏰,standard,reception,reception,late_checkout,False,False,,,none,,,True,"25,00",€,,,,True,True,True,staff_required,,,,,,Късен check-out,Late check-out,Late check-out,Late check-out,Pozdní check-out,,,,,,Заявете късен check-out. Услугата е платена и се предоставя според заетостта на хотела.,Fragen Sie einen Late Check-out an. Diese Leistung ist kostenpflichtig und abhängig von der Verfügbarkeit im Hotel.,Request a late check-out. This is a paid service and is subject to hotel availability.,Solicitați late check-out. Acest serviciu este contra cost și este disponibil în funcție de gradul de ocupare al hotelului.,Požádejte o pozdní check-out. Tato služba je zpoplatněna a závisí na dostupnosti hotelu.,"Платена услуга: 25,00 €. Услугата се начислява към сметката на стаята след потвърждение от рецепция.","Kostenpflichtige Leistung: 25,00 €. Die Leistung wird nach Bestätigung durch die Rezeption auf die Zimmerrechnung gebucht.",Paid service: €25.00. The service will be charged to the room account after confirmation by reception.,"Serviciu contra cost: 25,00 €. Serviciul va fi adăugat pe nota camerei după confirmarea recepției.","Placená služba: 25,00 €. Služba bude po potvrzení recepcí připsána na účet pokoje.",Заявката за късен check-out е изпратена към рецепция.,Ihre Anfrage für einen Late Check-out wurde an die Rezeption gesendet.,Your late check-out request has been sent to reception.,Solicitarea pentru late check-out a fost trimisă la recepție.,Vaše žádost o pozdní check-out byla odeslána na recepci.,Късен check-out,Late check-out,Late check-out,Late check-out,Pozdní check-out,late_checkout|късен check-out|късно напускане|late checkout|late check-out|напускане|рецепция|платена услуга|late checkout|late check-out|late departure|checkout|reception|paid service|late check-out|später check-out|spätes auschecken|abreise|rezeption|kostenpflichtige leistung|late check-out|plecare târzie|checkout târziu|recepție|serviciu contra cost|pozdní check-out|pozdní odjezd|checkout|recepce|placená služba|поздний выезд|поздний check-out|выезд|ресепшен,,,,,,,,,,,,,Поздний выезд,,Запросите поздний выезд. Услуга платная и предоставляется при наличии возможности.,"Платная услуга: 25,00 €. Стоимость будет начислена на счет номера после подтверждения на рецепции.",Запрос на поздний выезд отправлен на рецепцию.,Поздний выезд,,,Късен check-out|късен чек-аут|по-късно напускане|удължаване на стаята,Late check-out|late checkout|later departure,Late check-out|später check-out|late check-out,Late check-out|late check-out|plecare târzie,Pozdní check-out|pozdní check-out|pozdější odjezd,Поздний выезд|поздний выезд|поздний check-out,late_checkout|departure_time|paid_service,reception,
massage_booking,request,reception,spa,True,65,💆,selection,reception,reception,massage_booking,False,False,,,False,,"Масаж цяло тяло — 60 мин. — 60,00 €|Частичен масаж — 30 мин. — 35,00 €|Рефлексотерапия — 20 мин. — 25,00 €|Масаж на глава — 20 мин. — 20,00 €|Арома масаж — 60 мин. — 55,00 €|Антистрес масаж — 60 мин. — 60,00 €|Релакс масаж — 50 мин. — 50,00 €|Спортен масаж — 50 мин. — 50,00 €",True,,€,,,,True,True,True,instant,,,,,,Масажи и релакс терапии,Massagen und Entspannungstherapien,Massages and relaxation therapies,Masaje și terapii de relaxare,Masáže a relaxační terapie,Избор на услуга,Leistung auswählen,Choose a service,Alegeți serviciul,Vyberte službu,Изберете желаната масажна услуга. Цената ще бъде начислена към сметката на стаята след потвърждение от рецепция.,Wählen Sie die gewünschte Massageleistung. Der Preis wird nach Bestätigung durch die Rezeption auf Ihr Zimmerkonto gebucht.,Choose your preferred massage service. The price will be charged to your room account after confirmation by reception.,Alegeți serviciul de masaj dorit. Prețul va fi adăugat la contul camerei după confirmarea recepției.,Vyberte požadovanou masážní službu. Cena bude po potvrzení recepcí účtována na pokoj.,Платена услуга. Рецепцията ще потвърди заявката и цената ще бъде начислена към стаята.,Kostenpflichtige Leistung. Die Rezeption bestätigt die Anfrage und der Preis wird auf Ihr Zimmer gebucht.,Paid service. Reception will confirm the request and the price will be charged to your room.,"Serviciu contra cost. Recepția va confirma solicitarea, iar prețul va fi adăugat la contul camerei.",Placená služba. Recepce požadavek potvrdí a cena bude účtována na pokoj.,Заявката за масаж е изпратена към рецепция.,Ihre Massageanfrage wurde an die Rezeption gesendet.,Your massage request has been sent to reception.,Solicitarea pentru masaj a fost trimisă la recepție.,Požadavek na masáž byl odeslán na recepci.,Масаж / релакс терапия,Massage / Entspannungstherapie,Massage / relaxation therapy,Masaj / terapie de relaxare,Masáž / relaxační terapie,massage_booking|масаж|масажи|релакс|терапия|релакс терапия|спа|уелнес|резервация за масаж|massage|massages|relax|therapy|relaxation therapy|spa|wellness|massage booking|massage|massagen|entspannung|therapie|entspannungstherapie|spa|wellness|massage buchen|masaj|masaje|relaxare|terapie|terapie de relaxare|spa|wellness|programare masaj|masáž|masáže|relaxace|terapie|relaxační terapie|spa|wellness|rezervace masáže|массаж|массажи|спа|релакс|бронирование массажа,"Масаж цяло тяло — 60 мин. — 60,00 €|Частичен масаж — 30 мин. — 35,00 €|Рефлексотерапия — 20 мин. — 25,00 €|Масаж на глава — 20 мин. — 20,00 €|Арома масаж — 60 мин. — 55,00 €|Антистрес масаж — 60 мин. — 60,00 €|Релакс масаж — 50 мин. — 50,00 €|Спортен масаж — 50 мин. — 50,00 €","Ganzkörpermassage — 60 Min. — 60,00 €|Teilmassage — 30 Min. — 35,00 €|Reflexzonenmassage — 20 Min. — 25,00 €|Kopfmassage — 20 Min. — 20,00 €|Aromamassage — 60 Min. — 55,00 €|Anti-Stress-Massage — 60 Min. — 60,00 €|Relaxmassage — 50 Min. — 50,00 €|Sportmassage — 50 Min. — 50,00 €",Full body massage — 60 min. — €60.00|Partial massage — 30 min. — €35.00|Reflexotherapy — 20 min. — €25.00|Head massage — 20 min. — €20.00|Aroma massage — 60 min. — €55.00|Anti-stress massage — 60 min. — €60.00|Relax massage — 50 min. — €50.00|Sports massage — 50 min. — €50.00,"Masaj complet — 60 min. — 60,00 €|Masaj parțial — 30 min. — 35,00 €|Reflexoterapie — 20 min. — 25,00 €|Masaj capilar — 20 min. — 20,00 €|Masaj aromaterapie — 60 min. — 55,00 €|Masaj antistres — 60 min. — 60,00 €|Masaj de relaxare — 50 min. — 50,00 €|Masaj sportiv — 50 min. — 50,00 €","Masáž celého těla — 60 min. — 60,00 €|Částečná masáž — 30 min. — 35,00 €|Reflexoterapie — 20 min. — 25,00 €|Masáž hlavy — 20 min. — 20,00 €|Aroma masáž — 60 min. — 55,00 €|Antistresová masáž — 60 min. — 60,00 €|Relaxační masáž — 50 min. — 50,00 €|Sportovní masáž — 50 min. — 50,00 €",,,,,,,,Массажи и релакс-терапии,Выбор услуги,Выберите желаемую массажную услугу. Стоимость будет начислена на счет номера после подтверждения на рецепции.,"Платная услуга. Рецепция подтвердит запрос, после чего стоимость будет начислена на счет номера.",Запрос на массаж отправлен на рецепцию.,Массаж / релакс-терапия,"Массаж всего тела — 60 мин. — 60,00 €|Частичный массаж — 30 мин. — 35,00 €|Рефлексотерапия — 20 мин. — 25,00 €|Массаж головы — 20 мин. — 20,00 €|Аромамассаж — 60 мин. — 55,00 €|Антистрессовый массаж — 60 мин. — 60,00 €|Расслабляющий массаж — 50 мин. — 50,00 €|Спортивный массаж — 50 мин. — 50,00 €",,Масажи и релакс терапии,Massages and relaxation therapies,Massagen und Entspannungstherapien,Masaje și terapii de relaxare,Masáže a relaxační terapie,Массажи и релакс-терапии,massage_booking|spa_treatment|relaxation,reception,
air_conditioning,request,maintenance,technical,True,21,air,standard,maintenance,,air_conditioning,True,False,1,1,False,none,,False,,,,,,True,True,True,staff_required,Поддръжка,Technischer Service,Maintenance,Mentenanță,Údržba,Проблем с климатик или отопление,Problem mit Klimaanlage oder Heizung,Air conditioning or heating issue,Problemă cu aerul condiționat sau încălzirea,Problém s klimatizací nebo topením,,,,,,Съобщете за „Проблем с климатик или отопление“ на техническата поддръжка.,„Problem mit Klimaanlage oder Heizung“ dem technischen Service melden.,Report “Air conditioning or heating issue” to maintenance.,Raportați „Problemă cu aerul condiționat sau încălzirea” serviciului tehnic.,Nahlaste „Problém s klimatizací nebo topením“ technické údržbě.,,,,,,Заявката „Проблем с климатик или отопление“ е изпратена.,Ihre Anfrage „Problem mit Klimaanlage oder Heizung“ wurde gesendet.,Your “Air conditioning or heating issue” request has been sent.,Solicitarea „Problemă cu aerul condiționat sau încălzirea” a fost trimisă.,Požadavek „Problém s klimatizací nebo topením“ byl odeslán.,Проблем с климатик или отопление,Problem mit Klimaanlage oder Heizung,Air conditioning or heating issue,Problemă cu aerul condiționat sau încălzirea,Problém s klimatizací nebo topením,,,,,,,,,,,,,Техническая служба,Проблема с кондиционером или отоплением,,Сообщите о проблеме «Проблема с кондиционером или отоплением» в техническую службу.,,Запрос «Проблема с кондиционером или отоплением» отправлен.,Проблема с кондиционером или отоплением,,,Проблем с климатик или отопление|климатикът не работи|отоплението не работи|студено е|топло е,Air conditioning or heating issue|ac not working|air conditioner|heating issue,Problem mit Klimaanlage oder Heizung|klimaanlage funktioniert nicht|heizung problem,Problemă cu aerul condiționat sau încălzirea|aer condiționat defect|problemă încălzire,Problém s klimatizací nebo topením|nefunguje klimatizace|problém s topením,Проблема с кондиционером или отоплением|не работает кондиционер|проблема с отоплением,technical_problem|air_conditioning|heating,maintenance,
no_hot_water,request,maintenance,technical,True,22,hot-water,standard,maintenance,,no_hot_water,True,False,1,1,False,none,,False,,,,,,True,True,True,staff_required,Поддръжка,Technischer Service,Maintenance,Mentenanță,Údržba,Няма топла вода,Kein warmes Wasser,No hot water,Nu este apă caldă,Neteče teplá voda,,,,,,Съобщете за „Няма топла вода“ на техническата поддръжка.,„Kein warmes Wasser“ dem technischen Service melden.,Report “No hot water” to maintenance.,Raportați „Nu este apă caldă” serviciului tehnic.,Nahlaste „Neteče teplá voda“ technické údržbě.,,,,,,Заявката „Няма топла вода“ е изпратена.,Ihre Anfrage „Kein warmes Wasser“ wurde gesendet.,Your “No hot water” request has been sent.,Solicitarea „Nu este apă caldă” a fost trimisă.,Požadavek „Neteče teplá voda“ byl odeslán.,Няма топла вода,Kein warmes Wasser,No hot water,Nu este apă caldă,Neteče teplá voda,,,,,,,,,,,,,Техническая служба,Нет горячей воды,,Сообщите о проблеме «Нет горячей воды» в техническую службу.,,Запрос «Нет горячей воды» отправлен.,Нет горячей воды,,,Няма топла вода|няма топла вода|студена вода,No hot water|no hot water|cold water only,Kein warmes Wasser|kein warmes wasser,Nu este apă caldă|nu este apă caldă,Neteče teplá voda|neteče teplá voda,Нет горячей воды|нет горячей воды,technical_problem|hot_water,maintenance,
tv_issue,request,maintenance,technical,True,23,tv,standard,maintenance,,tv_issue,True,False,1,1,False,none,,False,,,,,,True,True,True,staff_required,Поддръжка,Technischer Service,Maintenance,Mentenanță,Údržba,Проблем с телевизора,TV-Problem,TV issue,Problemă cu televizorul,Problém s televizí,,,,,,Съобщете за „Проблем с телевизора“ на техническата поддръжка.,„TV-Problem“ dem technischen Service melden.,Report “TV issue” to maintenance.,Raportați „Problemă cu televizorul” serviciului tehnic.,Nahlaste „Problém s televizí“ technické údržbě.,,,,,,Заявката „Проблем с телевизора“ е изпратена.,Ihre Anfrage „TV-Problem“ wurde gesendet.,Your “TV issue” request has been sent.,Solicitarea „Problemă cu televizorul” a fost trimisă.,Požadavek „Problém s televizí“ byl odeslán.,Проблем с телевизора,TV-Problem,TV issue,Problemă cu televizorul,Problém s televizí,,,,,,,,,,,,,Техническая служба,Проблема с телевизором,,Сообщите о проблеме «Проблема с телевизором» в техническую службу.,,Запрос «Проблема с телевизором» отправлен.,Проблема с телевизором,,,Проблем с телевизора|телевизорът не работи|няма телевизия|проблем с телевизора,TV issue|tv not working|television issue,TV-Problem|fernseher funktioniert nicht|tv problem,Problemă cu televizorul|televizorul nu funcționează,Problém s televizí|televize nefunguje,Проблема с телевизором|не работает телевизор|проблема с телевизором,technical_problem|television,maintenance,
light_not_working,request,maintenance,technical,True,24,light,standard,maintenance,,light_not_working,True,False,1,1,False,none,,False,,,,,,True,True,True,staff_required,Поддръжка,Technischer Service,Maintenance,Mentenanță,Údržba,Проблем с осветлението,Beleuchtungsproblem,Lighting issue,Problemă cu iluminatul,Problém s osvětlením,,,,,,Съобщете за „Проблем с осветлението“ на техническата поддръжка.,„Beleuchtungsproblem“ dem technischen Service melden.,Report “Lighting issue” to maintenance.,Raportați „Problemă cu iluminatul” serviciului tehnic.,Nahlaste „Problém s osvětlením“ technické údržbě.,,,,,,Заявката „Проблем с осветлението“ е изпратена.,Ihre Anfrage „Beleuchtungsproblem“ wurde gesendet.,Your “Lighting issue” request has been sent.,Solicitarea „Problemă cu iluminatul” a fost trimisă.,Požadavek „Problém s osvětlením“ byl odeslán.,Проблем с осветлението,Beleuchtungsproblem,Lighting issue,Problemă cu iluminatul,Problém s osvětlením,,,,,,,,,,,,,Техническая служба,Проблема с освещением,,Сообщите о проблеме «Проблема с освещением» в техническую службу.,,Запрос «Проблема с освещением» отправлен.,Проблема с освещением,,,Проблем с осветлението,Lighting issue,Beleuchtungsproblem,Problemă cu iluminatul,Problém s osvětlením,Проблема с освещением,technical_problem|lighting,maintenance,
bathroom_issue,request,maintenance,technical,True,25,bathroom,standard,maintenance,,bathroom_issue,True,False,1,1,False,none,,False,,,,,,True,True,True,staff_required,Поддръжка,Technischer Service,Maintenance,Mentenanță,Údržba,Проблем в банята,Badezimmerproblem,Bathroom issue,Problemă în baie,Problém v koupelně,,,,,,Съобщете за „Проблем в банята“ на техническата поддръжка.,„Badezimmerproblem“ dem technischen Service melden.,Report “Bathroom issue” to maintenance.,Raportați „Problemă în baie” serviciului tehnic.,Nahlaste „Problém v koupelně“ technické údržbě.,,,,,,Заявката „Проблем в банята“ е изпратена.,Ihre Anfrage „Badezimmerproblem“ wurde gesendet.,Your “Bathroom issue” request has been sent.,Solicitarea „Problemă în baie” a fost trimisă.,Požadavek „Problém v koupelně“ byl odeslán.,Проблем в банята,Badezimmerproblem,Bathroom issue,Problemă în baie,Problém v koupelně,,,,,,,,,,,,,Техническая служба,Проблема в ванной,,Сообщите о проблеме «Проблема в ванной» в техническую службу.,,Запрос «Проблема в ванной» отправлен.,Проблема в ванной,,,Проблем в банята,Bathroom issue,Badezimmerproblem,Problemă în baie,Problém v koupelně,Проблема в ванной,technical_problem|bathroom,maintenance,
door_lock_issue,request,maintenance,technical,True,26,lock,standard,maintenance,,door_lock_issue,True,False,1,1,False,none,,False,,,,,,True,True,True,staff_required,Поддръжка,Technischer Service,Maintenance,Mentenanță,Údržba,Проблем с врата или ключалка,Problem mit Tür oder Schloss,Door or lock issue,Problemă cu ușa sau încuietoarea,Problém se dveřmi nebo zámkem,,,,,,Съобщете за „Проблем с врата или ключалка“ на техническата поддръжка.,„Problem mit Tür oder Schloss“ dem technischen Service melden.,Report “Door or lock issue” to maintenance.,Raportați „Problemă cu ușa sau încuietoarea” serviciului tehnic.,Nahlaste „Problém se dveřmi nebo zámkem“ technické údržbě.,,,,,,Заявката „Проблем с врата или ключалка“ е изпратена.,Ihre Anfrage „Problem mit Tür oder Schloss“ wurde gesendet.,Your “Door or lock issue” request has been sent.,Solicitarea „Problemă cu ușa sau încuietoarea” a fost trimisă.,Požadavek „Problém se dveřmi nebo zámkem“ byl odeslán.,Проблем с врата или ключалка,Problem mit Tür oder Schloss,Door or lock issue,Problemă cu ușa sau încuietoarea,Problém se dveřmi nebo zámkem,,,,,,,,,,,,,Техническая служба,Проблема с дверью или замком,,Сообщите о проблеме «Проблема с дверью или замком» в техническую службу.,,Запрос «Проблема с дверью или замком» отправлен.,Проблема с дверью или замком,,,Проблем с врата или ключалка,Door or lock issue,Problem mit Tür oder Schloss,Problemă cu ușa sau încuietoarea,Problém se dveřmi nebo zámkem,Проблема с дверью или замком,technical_problem|door|lock,maintenance,
wifi_issue,request,maintenance,technical,True,27,wifi,standard,maintenance,,wifi_issue,True,False,1,1,False,none,,False,,,,,,True,True,True,staff_required,Поддръжка,Technischer Service,Maintenance,Mentenanță,Údržba,Проблем с Wi-Fi,WLAN-Problem,Wi-Fi issue,Problemă cu Wi-Fi,Problém s Wi-Fi,,,,,,Съобщете за „Проблем с Wi-Fi“ на техническата поддръжка.,„WLAN-Problem“ dem technischen Service melden.,Report “Wi-Fi issue” to maintenance.,Raportați „Problemă cu Wi-Fi” serviciului tehnic.,Nahlaste „Problém s Wi-Fi“ technické údržbě.,,,,,,Заявката „Проблем с Wi-Fi“ е изпратена.,Ihre Anfrage „WLAN-Problem“ wurde gesendet.,Your “Wi-Fi issue” request has been sent.,Solicitarea „Problemă cu Wi-Fi” a fost trimisă.,Požadavek „Problém s Wi-Fi“ byl odeslán.,Проблем с Wi-Fi,WLAN-Problem,Wi-Fi issue,Problemă cu Wi-Fi,Problém s Wi-Fi,,,,,,,,,,,,,Техническая служба,Проблема с Wi-Fi,,Сообщите о проблеме «Проблема с Wi-Fi» в техническую службу.,,Запрос «Проблема с Wi-Fi» отправлен.,Проблема с Wi-Fi,,,Проблем с Wi-Fi|интернетът не работи|няма wi-fi|проблем с интернет,Wi-Fi issue|wifi not working|internet problem,WLAN-Problem|wlan funktioniert nicht|internetproblem,Problemă cu Wi-Fi|wi-fi nu funcționează|problemă internet,Problém s Wi-Fi|wi-fi nefunguje|problém s internetem,Проблема с Wi-Fi|не работает wi-fi|проблема с интернетом,technical_problem|wifi_problem|internet_problem,maintenance,
power_outlet_issue,request,maintenance,technical,True,28,power,standard,maintenance,,power_outlet_issue,True,False,1,1,False,none,,False,,,,,,True,True,True,staff_required,Поддръжка,Technischer Service,Maintenance,Mentenanță,Údržba,Проблем с електрически контакт,Steckdosenproblem,Power outlet issue,Problemă cu priza electrică,Problém se zásuvkou,,,,,,Съобщете за „Проблем с електрически контакт“ на техническата поддръжка.,„Steckdosenproblem“ dem technischen Service melden.,Report “Power outlet issue” to maintenance.,Raportați „Problemă cu priza electrică” serviciului tehnic.,Nahlaste „Problém se zásuvkou“ technické údržbě.,,,,,,Заявката „Проблем с електрически контакт“ е изпратена.,Ihre Anfrage „Steckdosenproblem“ wurde gesendet.,Your “Power outlet issue” request has been sent.,Solicitarea „Problemă cu priza electrică” a fost trimisă.,Požadavek „Problém se zásuvkou“ byl odeslán.,Проблем с електрически контакт,Steckdosenproblem,Power outlet issue,Problemă cu priza electrică,Problém se zásuvkou,,,,,,,,,,,,,Техническая служба,Проблема с розеткой,,Сообщите о проблеме «Проблема с розеткой» в техническую службу.,,Запрос «Проблема с розеткой» отправлен.,Проблема с розеткой,,,Проблем с електрически контакт,Power outlet issue,Steckdosenproblem,Problemă cu priza electrică,Problém se zásuvkou,Проблема с розеткой,technical_problem|power_outlet,maintenance,
safe_issue,request,maintenance,technical,True,29,safe,standard,maintenance,,safe_issue,True,False,1,1,False,none,,False,,,,,,True,True,True,staff_required,Поддръжка,Technischer Service,Maintenance,Mentenanță,Údržba,Проблем със сейфа,Safe-Problem,Safe issue,Problemă cu seiful,Problém s trezorem,,,,,,Съобщете за „Проблем със сейфа“ на техническата поддръжка.,„Safe-Problem“ dem technischen Service melden.,Report “Safe issue” to maintenance.,Raportați „Problemă cu seiful” serviciului tehnic.,Nahlaste „Problém s trezorem“ technické údržbě.,,,,,,Заявката „Проблем със сейфа“ е изпратена.,Ihre Anfrage „Safe-Problem“ wurde gesendet.,Your “Safe issue” request has been sent.,Solicitarea „Problemă cu seiful” a fost trimisă.,Požadavek „Problém s trezorem“ byl odeslán.,Проблем със сейфа,Safe-Problem,Safe issue,Problemă cu seiful,Problém s trezorem,,,,,,,,,,,,,Техническая служба,Проблема с сейфом,,Сообщите о проблеме «Проблема с сейфом» в техническую службу.,,Запрос «Проблема с сейфом» отправлен.,Проблема с сейфом,,,Проблем със сейфа,Safe issue,Safe-Problem,Problemă cu seiful,Problém s trezorem,Проблема с сейфом,technical_problem|safe,maintenance,
balcony_door_issue,request,maintenance,technical,True,30,door,standard,maintenance,,balcony_door_issue,True,False,1,1,False,none,,False,,,,,,True,True,True,staff_required,Поддръжка,Technischer Service,Maintenance,Mentenanță,Údržba,Проблем с балконската врата,Problem mit der Balkontür,Balcony door issue,Problemă cu ușa balconului,Problém s balkonovými dveřmi,,,,,,Съобщете за „Проблем с балконската врата“ на техническата поддръжка.,„Problem mit der Balkontür“ dem technischen Service melden.,Report “Balcony door issue” to maintenance.,Raportați „Problemă cu ușa balconului” serviciului tehnic.,Nahlaste „Problém s balkonovými dveřmi“ technické údržbě.,,,,,,Заявката „Проблем с балконската врата“ е изпратена.,Ihre Anfrage „Problem mit der Balkontür“ wurde gesendet.,Your “Balcony door issue” request has been sent.,Solicitarea „Problemă cu ușa balconului” a fost trimisă.,Požadavek „Problém s balkonovými dveřmi“ byl odeslán.,Проблем с балконската врата,Problem mit der Balkontür,Balcony door issue,Problemă cu ușa balconului,Problém s balkonovými dveřmi,,,,,,,,,,,,,Техническая служба,Проблема с балконной дверью,,Сообщите о проблеме «Проблема с балконной дверью» в техническую службу.,,Запрос «Проблема с балконной дверью» отправлен.,Проблема с балконной дверью,,,Проблем с балконската врата,Balcony door issue,Problem mit der Balkontür,Problemă cu ușa balconului,Problém s balkonovými dveřmi,Проблема с балконной дверью,technical_problem|balcony_door,maintenance,
minibar_not_cooling,request,maintenance,technical,True,31,minibar,standard,maintenance,,minibar_not_cooling,True,False,1,1,False,none,,False,,,,,,True,True,True,staff_required,Поддръжка,Technischer Service,Maintenance,Mentenanță,Údržba,Минибарът не охлажда,Minibar kühlt nicht,Minibar not cooling,Minibarul nu răcește,Minibar nechladí,,,,,,Съобщете за „Минибарът не охлажда“ на техническата поддръжка.,„Minibar kühlt nicht“ dem technischen Service melden.,Report “Minibar not cooling” to maintenance.,Raportați „Minibarul nu răcește” serviciului tehnic.,Nahlaste „Minibar nechladí“ technické údržbě.,,,,,,Заявката „Минибарът не охлажда“ е изпратена.,Ihre Anfrage „Minibar kühlt nicht“ wurde gesendet.,Your “Minibar not cooling” request has been sent.,Solicitarea „Minibarul nu răcește” a fost trimisă.,Požadavek „Minibar nechladí“ byl odeslán.,Минибарът не охлажда,Minibar kühlt nicht,Minibar not cooling,Minibarul nu răcește,Minibar nechladí,,,,,,,,,,,,,Техническая служба,Мини-бар не охлаждает,,Сообщите о проблеме «Мини-бар не охлаждает» в техническую службу.,,Запрос «Мини-бар не охлаждает» отправлен.,Мини-бар не охлаждает,,,Минибарът не охлажда,Minibar not cooling,Minibar kühlt nicht,Minibarul nu răcește,Minibar nechladí,Мини-бар не охлаждает,technical_problem|minibar_cooling,maintenance,
other_technical_issue,request,maintenance,technical,True,32,tools,standard,maintenance,,other_technical_issue,True,False,1,1,False,none,,False,,,,,,True,True,True,staff_required,Поддръжка,Technischer Service,Maintenance,Mentenanță,Údržba,Друг технически проблем,Anderes technisches Problem,Other technical issue,Altă problemă tehnică,Jiný technický problém,,,,,,Съобщете за „Друг технически проблем“ на техническата поддръжка.,„Anderes technisches Problem“ dem technischen Service melden.,Report “Other technical issue” to maintenance.,Raportați „Altă problemă tehnică” serviciului tehnic.,Nahlaste „Jiný technický problém“ technické údržbě.,,,,,,Заявката „Друг технически проблем“ е изпратена.,Ihre Anfrage „Anderes technisches Problem“ wurde gesendet.,Your “Other technical issue” request has been sent.,Solicitarea „Altă problemă tehnică” a fost trimisă.,Požadavek „Jiný technický problém“ byl odeslán.,Друг технически проблем,Anderes technisches Problem,Other technical issue,Altă problemă tehnică,Jiný technický problém,,,,,,,,,,,,,Техническая служба,Другая техническая проблема,,Сообщите о проблеме «Другая техническая проблема» в техническую службу.,,Запрос «Другая техническая проблема» отправлен.,Другая техническая проблема,,,Друг технически проблем,Other technical issue,Anderes technisches Problem,Altă problemă tehnică,Jiný technický problém,Другая техническая проблема,technical_problem|other,maintenance,
coffee_machine,request,maintenance,technical,True,130,coffee,standard,maintenance,,coffee_machine,True,False,,,False,none,,False,,,,,,True,True,True,staff_required,Поддръжка,Technischer Service,Maintenance,Mentenanță,Údržba,Проблем с кафе машината,Problem mit der Kaffeemaschine,Coffee machine issue,Problemă cu aparatul de cafea,Problém s kávovarem,,,,,,Съобщете за „Проблем с кафе машината“ на техническата поддръжка.,„Problem mit der Kaffeemaschine“ dem technischen Service melden.,Report “Coffee machine issue” to maintenance.,Raportați „Problemă cu aparatul de cafea” serviciului tehnic.,Nahlaste „Problém s kávovarem“ technické údržbě.,,,,,,Заявката „Проблем с кафе машината“ е изпратена.,Ihre Anfrage „Problem mit der Kaffeemaschine“ wurde gesendet.,Your “Coffee machine issue” request has been sent.,Solicitarea „Problemă cu aparatul de cafea” a fost trimisă.,Požadavek „Problém s kávovarem“ byl odeslán.,Проблем с кафе машината,Problem mit der Kaffeemaschine,Coffee machine issue,Problemă cu aparatul de cafea,Problém s kávovarem,,,,,,,,,,,,,Техническая служба,Проблема с кофемашиной,,Сообщите о проблеме «Проблема с кофемашиной» в техническую службу.,,Запрос «Проблема с кофемашиной» отправлен.,Проблема с кофемашиной,,,Проблем с кафе машината|кафе машината не работи|счупена кафе машина,Coffee machine issue|coffee machine not working,Problem mit der Kaffeemaschine|kaffeemaschine funktioniert nicht,Problemă cu aparatul de cafea|aparatul de cafea nu funcționează,Problém s kávovarem|kávovar nefunguje,Проблема с кофемашиной|не работает кофемашина,technical_problem|coffee_machine,maintenance,
animation_program,pdf,animation,,True,40,🎭,info_only,none,,animation_program,False,False,,,False,none,,False,,,,,,True,False,True,policy_only,Анимация,Animation,Animation,Animație,Animace,Програма за анимация,Animationsprogramm,Animation program,Program de animație,Animační program,,,,,,,,,,,,,,,,,,,,,,,,,,animation|program|анимация|програма|детска анимация|вечерна програма|забавления|активности|събития|animation|program|kids animation|evening program|entertainment|activities|events|animation|programm|kinderanimation|abendprogramm|unterhaltung|aktivitäten|veranstaltungen|animație|program|animație pentru copii|program de seară|divertisment|activități|evenimente|animace|program|dětská animace|večerní program|zábava|aktivity|akce,,,,,,,,,,,,Анимация,Анимационная программа,,,,,,,,Програма за анимация|анимационна програма|програма за анимацията|детска анимация|вечерна анимация,Animation program|animation program|entertainment schedule|kids animation,Animationsprogramm|animationsprogramm|unterhaltungsprogramm,Program de animație|program de animație|programul de animație,Animační program|animační program|program animace,Анимационная программа|анимационная программа|программа анимации|программу анимации,animation_program|animation_schedule|daily_activities,animation,
world_cup_2026,external_link,world_cup,,True,50,🏆,info_only,none,,world_cup_2026,False,False,,,False,,,False,,,,https://www.fifa.com/en/tournaments/mens/worldcup/canadamexicousa2026/scores-fixtures?country=DE&wtw-filter=ALL,,True,False,True,policy_only,🏆 Световно първенство 2026,🏆 Weltmeisterschaft 2026,🏆 World Cup 2026,🏆 Cupa Mondială 2026,🏆 Mistrovství světa 2026,Програма и резултати,Spielplan und Ergebnisse,Schedule and results,Program și rezultate,Program a výsledky,Официален FIFA линк,Offizieller FIFA-Link,Official FIFA link,Link oficial FIFA,Oficiální odkaz FIFA,Официална програма и резултати от Световното първенство 2026.,Offizieller Spielplan und Ergebnisse der FIFA-Weltmeisterschaft 2026.,Official schedule and results for the FIFA World Cup 2026.,Programul oficial și rezultatele Cupei Mondiale FIFA 2026.,Oficiální program a výsledky FIFA World Cup 2026.,,,,,,,,,,,,,,,,world_cup|world_cup_2026|световно първенство|футбол|мачове|програма|резултати|fifa|world cup|football|matches|schedule|results|fifa|world cup 2026|weltmeisterschaft|fußball|spiele|spielplan|ergebnisse|fifa|cupa mondială|fotbal|meciuri|program|rezultate|fifa|mistrovství světa|fotbal|zápasy|program|výsledky|fifa,,,,,,,,,,,,🏆 Чемпионат мира 2026,Расписание и результаты,Официальная ссылка FIFA,Официальное расписание и результаты Чемпионата мира по футболу 2026.,,,,,,Програма и резултати|програма на мачовете|резултати от световното първенство|мачове световно първенство,Schedule and results|world cup match schedule|fixtures and results|world cup results,Spielplan und Ergebnisse|wm spielplan|spielplan und ergebnisse|weltmeisterschaft spiele,Program și rezultate|programul meciurilor|rezultate cupa mondială,Program a výsledky|program zápasů|výsledky mistrovství světa,Расписание и результаты|расписание матчей|программа матчей|результаты чемпионата мира,match_schedule|world_cup_results|football_schedule,world_cup,
world_cup_conference_room,info,world_cup,,True,55,📺,info_only,none,,world_cup_conference_room,False,False,,,False,,,False,,,,,,True,False,True,policy_only,🏆 Световно първенство 2026,🏆 Weltmeisterschaft 2026,🏆 World Cup 2026,🏆 Cupa Mondială 2026,🏆 Mistrovství světa 2026,Конферентна зала,Konferenzraum,Conference room,Sala de conferințe,Konferenční sál,Гледане на мачовете,Spiele gemeinsam verfolgen,Watch the matches,Urmăriți meciurile,Sledování zápasů,Конферентната зала е отворена по време на мачовете от Световното първенство 2026. Заповядайте да гледате срещите в приятна атмосфера.,"Der Konferenzraum ist während der Spiele der FIFA-Weltmeisterschaft 2026 geöffnet. Sie sind herzlich eingeladen, die Spiele in angenehmer Atmosphäre zu verfolgen.",The conference room is open during the FIFA World Cup 2026 matches. You are welcome to watch the games in a pleasant atmosphere.,Sala de conferințe este deschisă în timpul meciurilor Cupei Mondiale FIFA 2026. Vă invităm să urmăriți meciurile într-o atmosferă plăcută.,Konferenční sál je otevřen během zápasů FIFA World Cup 2026. Zveme vás ke sledování zápasů v příjemné atmosféře.,,,,,,,,,,,,,,,,conference_room|world_cup_conference_room|конферентна зала|мачове|футбол|световно първенство|гледане на мач|зала|conference room|matches|football|world cup|watch match|event room|konferenzraum|spiele|fußball|weltmeisterschaft|spiel ansehen|veranstaltungsraum|sală de conferințe|meciuri|fotbal|cupa mondială|vizionare meci|sală evenimente|konferenční sál|zápasy|fotbal|mistrovství světa|sledování zápasu|sál,,,,,,,,,,,,🏆 Чемпионат мира 2026,Конференц-зал,Просмотр матчей,Конференц-зал открыт во время матчей Чемпионата мира по футболу 2026. Приглашаем вас смотреть матчи в приятной атмосфере.,,,,,,Конферентна зала|предавате ли мачовете|къде се гледат мачовете|излъчване на мачове,Conference room|does the hotel show matches|watch world cup matches|match broadcast,Konferenzraum|werden die spiele übertragen|wm spiele schauen|übertragung der spiele,Sala de conferințe|hotelul transmite meciurile|unde se văd meciurile,Konferenční sál|vysílá hotel zápasy|kde sledovat zápasy,Конференц-зал|показывает ли отель матчи|где смотреть матчи|трансляция матчей,match_broadcast|watch_matches|conference_room,world_cup,
towel_policy,policy,info,policies,False,10,🏖️,info_only,none,,towel_policy,False,False,,,False,none,,False,,,,,,True,False,True,policy_only,Инфо,Info,Info,Informații,Informace,Политика за хавлии,Handtuchpolitik,Towel policy,Politica prosoapelor,Zásady ručníků,,,,,,Текстът ще бъде добавен от хотела.,Der Text wird vom Hotel ergänzt.,The text will be added by the hotel.,Textul va fi adăugat de hotel.,Text doplní hotel.,,,,,,,,,,,,,,,,towels|policy|хавлии|кърпи|плажни кърпи|кърпи за стая|подмяна на кърпи|чисти кърпи|мръсни кърпи|towels|beach towels|room towels|towel exchange|clean towels|used towels|dirty towels|handtücher|badetücher|strandtücher|zimmerhandtücher|handtuchwechsel|saubere handtücher|benutzte handtücher|prosoape|prosoape de plajă|prosoape de cameră|schimb prosoape|prosoape curate|prosoape folosite|ručníky|plážové ručníky|pokojové ručníky|výměna ručníků|čisté ručníky|použité ručníky,,,,,,,,,,,,Информация,Правила пользования полотенцами,,Текст будет добавлен отелем.,,,,,,Политика за хавлии,Towel policy,Handtuchpolitik,Politica prosoapelor,Zásady ručníků,Правила пользования полотенцами,towel_policy|room_towels|policy,info,info:room_towel_change
sunbed_policy,policy,info,policies,False,20,☀️,info_only,none,,sunbed_policy,False,False,,,False,none,,False,,,,,,True,False,True,policy_only,Инфо,Info,Info,Informații,Informace,Правила за шезлонги,Regeln für Liegen,Sunbed rules,Reguli pentru șezlonguri,Pravidla pro lehátka,,,,,,Текстът ще бъде добавен от хотела.,Der Text wird vom Hotel ergänzt.,The text will be added by the hotel.,Textul va fi adăugat de hotel.,Text doplní hotel.,,,,,,,,,,,,,,,,sunbeds|policy|шезлонги|чадъри|плаж|басейн|запазване на шезлонги|плажни места|шезлонг и чадър|sunbeds|sun loungers|umbrellas|beach|pool|reserved sunbeds|beach places|sunbed and umbrella|liegen|sonnenliegen|sonnenschirme|strand|pool|reservierte liegen|strandplätze|liege und sonnenschirm|șezlonguri|umbrele|plajă|piscină|rezervare șezlonguri|locuri la plajă|șezlong și umbrelă|lehátka|slunečníky|pláž|bazén|rezervace lehátek|místa na pláži|lehátko a slunečník,,,,,,,,,,,,Информация,Правила пользования шезлонгами,,Текст будет добавлен отелем.,,,,,,Правила за шезлонги,Sunbed rules,Regeln für Liegen,Reguli pentru șezlonguri,Pravidla pro lehátka,Правила пользования шезлонгами,sunbed_policy|pool_policy|beach_policy,info,info:towel_sunbed_policy
charity_shops,info,info,charity,False,30,🎁,info_only,none,,charity_shops,False,False,,,False,none,,False,,,,,,True,False,True,policy_only,Инфо,Info,Info,Informații,Informace,Благотворителност,Wohltätigkeit,Charity,Caritate,Charita,,,,,,Информация за благотворителните магазини ще бъде добавена от хотела.,Informationen zu den Charity-Shops werden vom Hotel ergänzt.,Information about the charity shops will be added by the hotel.,Informațiile despre magazinele caritabile vor fi adăugate de hotel.,Informace o charitativních obchodech doplní hotel.,,,,,,,,,,,,,,,,charity|shop|благотворителност|подарък с кауза|ръчно изработени подаръци|кауза|подкрепа|деца със специални потребности|семейства в нужда|charity|gift with a cause|handmade gifts|cause|support|children with special needs|families in need|wohltätigkeit|geschenk mit sinn|handgemachte geschenke|guter zweck|unterstützung|kinder mit besonderem förderbedarf|familien in not|caritate|cadou cu o cauză|cadouri realizate manual|cauză|sprijin|copii cu cerințe speciale|familii aflate în nevoie|charita|dárek s dobrým účelem|ručně vyráběné dárky|dobrá věc|podpora|děti se speciálními potřebami|rodiny v nouzi,,,,,,,,,,,,Информация,Благотворительность,,Информация о благотворительных магазинах будет добавлена отелем.,,,,,,Благотворителност,Charity,Wohltätigkeit,Caritate,Charita,Благотворительность,charity|gift_with_cause,info,info:charity_gift
